Name,Address,Social,Date of Birth,Job Title,Start Date,End Date,Reviewed
Slim,4353 Road,222-22-2222,1990-11-7,Clerk,2021-5-2,Active,Needs
Frank,2453 Streerty,234-54-2145,1980-05-4,Clerk,2020-8-3,Active,Needs
Hampton,2345 Jork,234-64-3464,1992-04-5,Assistant Manager,2010-2-4,Active,Needs
Josh,2342 Lost,234-65-2145,1990-03-02,Clerk,2020-9-6,Active,Finished
Pat,2455 Yolo,234-65-7653,1980-11-3,Clerk,2020-1-2,Active,Needs
Dan,4354 Girrafe,236-67-6542,1990-30-8,Clerk,2021-3-8,2020-4-9,Finished
Jason,3645 Trevor,254-46-2546,1993-08-12,Clerk,2020-6-6,Active,Needs
Jeffery,2345 Hood,265-45-3453,1992-09-11,Clerk,2020-1-4,Active,Needs
Jeff,4590 Windy,333-45-6544,1994-12-11,Clerk,2020-4-7,2021-2-3,Needs
Bob,1254 Oak,334-54-3344,2000-30-7,Clerk,2020-6-4,Active,Needs
Heelen,1234 Street,343-23-6745,1991-02-9,Clerk,2020-2-8,2021-6-1,Finished
Sharon,6575 Pulit,435-76-2345,1990-04-4,Clerk,2020-7-3,Active,Needs
Hanson,2343 Roadstreet,453-63-3265,1990-11-5,Clerk,2020-1-9,Active,Finished
Trevor,3464 Streetaveneue,456-65-2345,1992-06-7,Clerk,2020-4-10,Active,Needs
Jessica,5433 Skyline,554-56-2345,1999-03-1,Clerk,2021-1-5,Active,Needs
Joan,1340 Maple,555-55-5555,2000-03-2,Clerk,2020-1-7,Active,Needs
